{
    "Pnk_MPA": 22.34,
    "method": "По КГФ",
    "ogr_method": "Эксперимент",
    "components": [
        "N2",
        "CO2",
        "H2S",
        "H2",
        "H2O",
        "He",
        "C1",
        "C2H6",
        "C3H8",
        "i-C4H10",
        "n-C4H10",
        "C5+"
    ],
    "composition_at_pnk": [
        0.49,
        0.21,
        0.0,
        0.0,
        0.0,
        0.0,
        91.65,
        4.71,
        1.38,
        0.44,
        0.3,
        0.82
    ],
    "ogr_table": {
        "pressure": [
            3.68,
            4.9,
            6.13,
            7.35,
            8.58,
            9.8,
            11.03,
            12.25,
            13.48,
            14.7,
            15.93,
            17.15,
            18.38,
            19.6,
            20.83,
            22.05,
            23.28,
            24.5
        ],
        "ogr": [
            39.6,
            36.6,
            34.1,
            34.1,
            33.4,
            34.8,
            37.0,
            40.5,
            45.0,
            50.0,
            56.0,
            61.0,
            67.5,
            73.6,
            80.9,
            87.5,
            87.5,
            87.5
        ]
    }
}