{
  "well_tvd": 2603,
  "well_md": 3190,
  "depth_frost": 200,
  "cp_gas": 1.3,
  "cp_condensate": 0,
  "Di": 0.4,
  "Cp": 700,
  "Cpm": 500,
  "A": 0.00234192037470726,
  "Rc":0.168,
  "Gp":0.032,
  "Gm":0.045,
  "lmbda_p":2,
  "lmbda_m":2.8,
  "tc.r": -1.96181471070941,
  "tm": -4,
  "dnkt":89,
  "pipe_absolute_roughness": 0.1,
  "hydraulic_resistance_coefficient":0,
  "Z_method":"beggs и brill",
  "density_method":"корреляция",
  "viscosity_method":"lee-gonzalez",
  "hydraulic_resistance_method": "cтандартная зависимость",  
  "Qgas": 369.30625,
  "Qcondensate": 14.0494412645812,
  "bhp":15.352595384857,
  "working_time": 1000,
  "T_thp_C1":20
}
