{   "start_dev_data":"2003-12-31",
    "start_predcit_data":"2023-12-31",
    "condensate_density_kgm3": 754.0,
    "well_tvd":3187,
    "d_nkt":89,
    "pipe_absolute_roughness": 5,
    "T_ust":29,
    "hydraulic_resistance_coefficient":0,
    "sigm_water":0.07,
    "well_md":3187,
    "entry_wells":1,
    "viscosity_method":"lee-gonzalez",
    "hydraulic_resistance_method": "cтандартная зависимость",
    "composition_method":"на основе кгф",
    "kgf_method": "experimental data",
    "qgas_method":"типовая зависимость",

    "table_data": [
                {
                  "month": 1,
                  "exploration_coeff": 0.885,
                  "dP": 2.42360899451517
                },
                {
                  "month": 2,
                  "exploration_coeff": 0.95,
                  "dP": 2.42394392758577
                },
                {
                  "month": 3,
                  "exploration_coeff": 0.885,
                  "dP": 2.4464875182261
                },
                {
                  "month": 4,
                  "exploration_coeff": 0.915,
                  "dP": 2.45662928275058
                },
                {
                  "month": 5,
                  "exploration_coeff": 0.885,
                  "dP": 2.46981026325847
                },
                {
                  "month": 6,
                  "exploration_coeff": 0.915,
                  "dP": 2.4801636154171
                },
                {
                  "month": 7,
                  "exploration_coeff": 0.885,
                  "dP": 2.49359280774156
                },
                {
                  "month": 8,
                  "exploration_coeff": 0.885,
                  "dP": 2.5056612810107
                },
                {
                  "month": 9,
                  "exploration_coeff": 0.915,
                  "dP": 2.516346179299
                },
                {
                  "month": 10,
                  "exploration_coeff": 0.885,
                  "dP": 2.53016372663388
                },
                {
                  "month": 11,
                  "exploration_coeff": 0.915,
                  "dP": 2.54107966068467
                },
                {
                  "month": 12,
                  "exploration_coeff": 0.885,
                  "dP": 2.55516743355683
                },
                {
                  "month": 13,
                  "exploration_coeff": 0.9, 
                  "dP": 2.52097836462373
                }
            ],
  "base_fond": 1,
  "default_exploration_coeff": 0.9,
  "default_base_fond": 1

}