[
    {
        "name": "Азот",
        "formula": "N2",
        "mol_fraction_pct": 0.499,
        "Mw": 28.013,
        "Tc": 126.2,
        "Pc": 3.394,
        "Vc": 0.090,
        "Zc": 0.291,
        "w": 0.040,
        "rho_liq": 804,
        "T_ref_liq": 78.1,
        "T_boil": 77.4
    },
    {
        "name": "Диоксид углерода",
        "formula": "CO2",
        "mol_fraction_pct": 0.411,
        "Mw": 44.01,
        "Tc": 304.7,
        "Pc": 7.387,
        "Vc": 0.094,
        "Zc": 0.274,
        "w": 0.225,
        "rho_liq": 777,
        "T_ref_liq": 293.0,
        "T_boil": 194.7
    },
    {
        "name": "Сероводород",
        "formula": "H2S",
        "mol_fraction_pct": 0.000,
        "Mw": 34.076,
        "Tc": 373.6,
        "Pc": 8.937,
        "Vc": 0.098,
        "Zc": 0.282,
        "w": 0.100,
        "rho_liq": 993,
        "T_ref_liq": 213.6,
        "T_boil": 213.5
    },
    {
        "name": "Водород",
        "formula": "H2",
        "mol_fraction_pct": 0.000,
        "Mw": 2.016,
        "Tc": 33.2,
        "Pc": 1.300,
        "Vc": 0.065,
        "Zc": 0.306,
        "w": -0.218,
        "rho_liq": 71,
        "T_ref_liq": 20.0,
        "T_boil": 20.3
    },
    {
        "name": "Водяной пар",
        "formula": "H2O",
        "mol_fraction_pct": 0.000,
        "Mw": 18.015,
        "Tc": 647.3,
        "Pc": 22.048,
        "Vc": 0.056,
        "Zc": 0.229,
        "w": 0.344,
        "rho_liq": 998,
        "T_ref_liq": 293.0,
        "T_boil": 373.2
    },
    {
        "name": "Гелий",
        "formula": "He",
        "mol_fraction_pct": 0.000,
        "Mw": 4.003,
        "Tc": 5.19,
        "Pc": 0.227,
        "Vc": 0.057,
        "Zc": 0.301,
        "w": -0.387,
        "rho_liq": 123,
        "T_ref_liq": 4.3,
        "T_boil": 4.2
    },
    {
        "name": "Метан",
        "formula": "CH4",
        "mol_fraction_pct": 92.714,
        "Mw": 16.043,
        "Tc": 190.6,
        "Pc": 4.604,
        "Vc": 0.098,
        "Zc": 0.285,
        "w": 0.013,
        "rho_liq": 998,
        "T_ref_liq": 111.7,
        "T_boil": 111.6
    },
    {
        "name": "Этан",
        "formula": "C2H6",
        "mol_fraction_pct": 3.823,
        "Mw": 30.07,
        "Tc": 305.43,
        "Pc": 4.884,
        "Vc": 0.148,
        "Zc": 0.285,
        "w": 0.099,
        "rho_liq": 425,
        "T_ref_liq": 183.0,
        "T_boil": 184.6
    },
    {
        "name": "Пропан",
        "formula": "C3H8",
        "mol_fraction_pct": 0.613,
        "Mw": 44.097,
        "Tc": 369.8,
        "Pc": 4.246,
        "Vc": 0.200,
        "Zc": 0.276,
        "w": 0.152,
        "rho_liq": 548,
        "T_ref_liq": 231.0,
        "T_boil": 231.1
    },
    {
        "name": "Изобутан",
        "formula": "i-C4H10",
        "mol_fraction_pct": 0.322,
        "Mw": 58.124,
        "Tc": 408.1,
        "Pc": 3.648,
        "Vc": 0.263,
        "Zc": 0.283,
        "w": 0.185,
        "rho_liq": 582,
        "T_ref_liq": 293.0,
        "T_boil": 261.3
    },
    {
        "name": "н-бутан",
        "formula": "n-C4H10",
        "mol_fraction_pct": 0.160,
        "Mw": 58.124,
        "Tc": 425.2,
        "Pc": 3.797,
        "Vc": 0.255,
        "Zc": 0.274,
        "w": 0.201,
        "rho_liq": 557,
        "T_ref_liq": 293.0,
        "T_boil": 272.7
    },
    {
        "name": "C5+",
        "formula": "C5+",
        "mol_fraction_pct": 1.458,
        "Mw": 70.00,
        "Tc": 430.00,
        "Pc": 30.000,
        "Vc": 0.000,
        "Zc": 0.291,
        "w": 0.000,
        "rho_liq": 786,
        "T_ref_liq": 293.2,
        "T_boil": 0.0
    }
]
