[
  {
    "P_MPA": 0.1,
    "ZPr": -0.33113,
    "ZBB": 0.99883,
    "ZGUR": 0.99798,
    "Density": 0.0,
    "LG": 16.778528,
    "JST": 20960.176302,
    "Bg": 118.61711
  },
  {
    "P_MPA": 5.1,
    "ZPr": -0.20449,
    "ZBB": 0.9356,
    "ZGUR": 0.91619,
    "Density": 0.0002,
    "LG": 16.778529,
    "JST": 1141212.380782,
    "Bg": 2.17859
  },
  {
    "P_MPA": 10.1,
    "ZPr": 0.00021,
    "ZBB": 0.87875,
    "ZGUR": 0.8677,
    "Density": 0.00042,
    "LG": 16.778529,
    "JST": 2406269.759655,
    "Bg": 1.03323
  },
  {
    "P_MPA": 15.1,
    "ZPr": 0.0,
    "ZBB": 0.84392,
    "ZGUR": 0.84643,
    "Density": 0.00065,
    "LG": 16.778529,
    "JST": 3745955.038377,
    "Bg": 0.66371
  },
  {
    "P_MPA": 20.1,
    "ZPr": 0.0,
    "ZBB": 0.83667,
    "ZGUR": 0.84738,
    "Density": 0.00087,
    "LG": 16.778529,
    "JST": 5029538.870052,
    "Bg": 0.49433
  },
  {
    "P_MPA": 25.1,
    "ZPr": 0.0,
    "ZBB": 0.85466,
    "ZGUR": 0.86651,
    "Density": 0.00106,
    "LG": 16.77853,
    "JST": 6148501.71663,
    "Bg": 0.40436
  },
  {
    "P_MPA": 30.1,
    "ZPr": 0.0,
    "ZBB": 0.89159,
    "ZGUR": 0.90048,
    "Density": 0.00122,
    "LG": 16.77853,
    "JST": 7067871.096117,
    "Bg": 0.35177
  },
  {
    "P_MPA": 35.1,
    "ZPr": 0.0,
    "ZBB": 0.94071,
    "ZGUR": 0.94659,
    "Density": 0.00135,
    "LG": 16.77853,
    "JST": 7811596.102614,
    "Bg": 0.31827
  },
  {
    "P_MPA": 40.1,
    "ZPr": 0.0,
    "ZBB": 0.99667,
    "ZGUR": 1.00261,
    "Density": 0.00146,
    "LG": 16.77853,
    "JST": 8423229.841832,
    "Bg": 0.29516
  },
  {
    "P_MPA": 45.1,
    "ZPr": 0.0,
    "ZBB": 1.05604,
    "ZGUR": 1.06673,
    "Density": 0.00155,
    "LG": 16.77853,
    "JST": 8940917.445954,
    "Bg": 0.27807
  },
  {
    "P_MPA": 50.1,
    "ZPr": 0.0,
    "ZBB": 1.11692,
    "ZGUR": 1.13747,
    "Density": 0.00163,
    "LG": 16.778531,
    "JST": 9390825.088872,
    "Bg": 0.26475
  },
  {
    "P_MPA": 55.1,
    "ZPr": 0.0,
    "ZBB": 1.17838,
    "ZGUR": 1.21362,
    "Density": 0.00169,
    "LG": 16.778531,
    "JST": 9789293.594762,
    "Bg": 0.25397
  },
  {
    "P_MPA": 60.1,
    "ZPr": 0.0,
    "ZBB": 1.24006,
    "ZGUR": 1.29419,
    "Density": 0.00176,
    "LG": 16.778531,
    "JST": 10146554.814828,
    "Bg": 0.24503
  },
  {
    "P_MPA": 65.1,
    "ZPr": 0.0,
    "ZBB": 1.3018,
    "ZGUR": 1.37837,
    "Density": 0.00181,
    "LG": 16.778531,
    "JST": 10469460.551284,
    "Bg": 0.23748
  },
  {
    "P_MPA": 70.1,
    "ZPr": 0.0,
    "ZBB": 1.36355,
    "ZGUR": 1.4655,
    "Density": 0.00186,
    "LG": 16.778531,
    "JST": 10763015.862322,
    "Bg": 0.231
  }
]