{
  "Pnk": 22.34,
  "Ppl": 25.47,
  "points": [
    {
      "P": 3.68,
      "KGF_fact": 39.6
    },
    {
      "P": 4.9,
      "KGF_fact": 36.0
    },
    {
      "P": 6.13,
      "KGF_fact": 33.6
    },
    {
      "P": 7.35,
      "KGF_fact": 33.0
    },
    {
      "P": 8.58,
      "KGF_fact": 34.1
    },
    {
      "P": 9.8,
      "KGF_fact": 35.6
    },
    {
      "P": 11.03,
      "KGF_fact": 38.0
    },
    {
      "P": 12.25,
      "KGF_fact": 40.5
    },
    {
      "P": 13.48,
      "KGF_fact": 44.4
    },
    {
      "P": 14.7,
      "KGF_fact": 50
    },
    {
      "P": 15.93,
      "KGF_fact": 56
    },
    {
      "P": 17.11,
      "KGF_fact": 62
    },
    {
      "P": 18.38,
      "KGF_fact": 67.5
    },
    {
      "P": 19.6,
      "KGF_fact": 73.4
    },
    {
      "P": 20.83,
      "KGF_fact": 79
    },
    {
      "P": 22.05,
      "KGF_fact": 82.5
    },
    {
      "P": 23.28,
      "KGF_fact": 86.5
    },
    {
      "P": 24.5,
      "KGF_fact": 87.5
    }
  ]
}