[
  {
    "P, МПа": 3.68,
    "KGF_факт, г/м³": 39.6,
    "KGF_аппрокс, г/м³": 39.73,
    "откл, %": 0.3
  },
  {
    "P, МПа": 4.9,
    "KGF_факт, г/м³": 36.0,
    "KGF_аппрокс, г/м³": 35.69,
    "откл, %": -0.9
  },
  {
    "P, МПа": 6.13,
    "KGF_факт, г/м³": 33.6,
    "KGF_аппрокс, г/м³": 33.51,
    "откл, %": -0.3
  },
  {
    "P, МПа": 7.35,
    "KGF_факт, г/м³": 32.0,
    "KGF_аппрокс, г/м³": 32.92,
    "откл, %": 2.9
  },
  {
    "P, МПа": 8.58,
    "KGF_факт, г/м³": 34.1,
    "KGF_аппрокс, г/м³": 33.62,
    "откл, %": -1.4
  },
  {
    "P, МПа": 9.8,
    "KGF_факт, г/м³": 36.0,
    "KGF_аппрокс, г/м³": 35.34,
    "откл, %": -1.8
  },
  {
    "P, МПа": 11.03,
    "KGF_факт, г/м³": 38.0,
    "KGF_аппрокс, г/м³": 37.87,
    "откл, %": -0.3
  },
  {
    "P, МПа": 12.25,
    "KGF_факт, г/м³": 40.0,
    "KGF_аппрокс, г/м³": 40.98,
    "откл, %": 2.5
  },
  {
    "P, МПа": 13.48,
    "KGF_факт, г/м³": 44.4,
    "KGF_аппрокс, г/м³": 44.54,
    "откл, %": 0.3
  },
  {
    "P, МПа": 14.7,
    "KGF_факт, г/м³": 48.6,
    "KGF_аппрокс, г/м³": 48.33,
    "откл, %": -0.5
  },
  {
    "P, МПа": 15.93,
    "KGF_факт, г/м³": 52.6,
    "KGF_аппрокс, г/м³": 52.31,
    "откл, %": -0.5
  },
  {
    "P, МПа": 17.15,
    "KGF_факт, г/м³": 56.4,
    "KGF_аппрокс, г/м³": 56.31,
    "откл, %": -0.2
  },
  {
    "P, МПа": 18.38,
    "KGF_факт, г/м³": 60.3,
    "KGF_аппрокс, г/м³": 60.33,
    "откл, %": 0.1
  },
  {
    "P, МПа": 19.6,
    "KGF_факт, г/м³": 64.2,
    "KGF_аппрокс, г/м³": 64.27,
    "откл, %": 0.1
  },
  {
    "P, МПа": 20.83,
    "KGF_факт, г/м³": 68.1,
    "KGF_аппрокс, г/м³": 68.18,
    "откл, %": 0.1
  },
  {
    "P, МПа": 22.05,
    "KGF_факт, г/м³": 72.0,
    "KGF_аппрокс, г/м³": 72.02,
    "откл, %": 0.0
  },
  {
    "P, МПа": 23.28,
    "KGF_факт, г/м³": 75.9,
    "KGF_аппрокс, г/м³": 75.88,
    "откл, %": -0.0
  },
  {
    "P, МПа": 24.5,
    "KGF_факт, г/м³": 79.8,
    "KGF_аппрокс, г/м³": 79.78,
    "откл, %": -0.0
  }
]