{
  "КГФ": 88,
  "Pнк": 22.34,
  "КИК": 0.622,
  "Pпл": 25.37,
  "типовая_зависимость": {
    "0.1": =IFERROR(Ogr_TYPE($O$5;$O$4;$O$6);0),
    "1.1": =IFERROR(Ogr_TYPE($O$5;$O$4;$O$6);0),
    "2.1": =IFERROR(Ogr_TYPE($O$5;$O$4;$O$6);0),
    "3.1": =IFERROR(Ogr_TYPE($O$5;$O$4;$O$6);0),
    "4.1": =IFERROR(Ogr_TYPE($O$5;$O$4;$O$6);0),
    "5.1": =IFERROR(Ogr_TYPE($O$5;$O$4;$O$6);0),
    "6.1": =IFERROR(Ogr_TYPE($O$5;$O$4;$O$6);0),
    "7.1": =IFERROR(Ogr_TYPE($O$5;$O$4;$O$6);0),
    "8.1": =IFERROR(Ogr_TYPE($O$5;$O$4;$O$6);0),
    "9.1": =IFERROR(Ogr_TYPE($O$5;$O$4;$O$6);0),
    "10.1": =IFERROR(Ogr_TYPE($O$5;$O$4;$O$6);0),
    "11.1": =IFERROR(Ogr_TYPE($O$5;$O$4;$O$6);0),
    "12.1": =IFERROR(Ogr_TYPE($O$5;$O$4;$O$6);0),
    "13.1": =IFERROR(Ogr_TYPE($O$5;$O$4;$O$6);0),
    "14.1": =IFERROR(Ogr_TYPE($O$5;$O$4;$O$6);0),
    "15.1": =IFERROR(Ogr_TYPE($O$5;$O$4;$O$6);0),
    "16.1": =IFERROR(Ogr_TYPE($O$5;$O$4;$O$6);0),
    "17.1":=IFERROR(Ogr_TYPE($O$5;$O$4;$O$6);0),
    "18.1": =IFERROR(Ogr_TYPE($O$5;$O$4;$O$6);0),
    "19.1": =IFERROR(Ogr_TYPE($O$5;$O$4;$O$6);0),
    "20.1": =IFERROR(Ogr_TYPE($O$5;$O$4;$O$6);0),
    "21.1": =IFERROR(Ogr_TYPE($O$5;$O$4;$O$6);0),
    "22.1": =IFERROR(Ogr_TYPE($O$5;$O$4;$O$6);0),
    "23.1": =IFERROR(Ogr_TYPE($O$5;$O$4;$O$6);0),
    "24.1": =IFERROR(Ogr_TYPE($O$5;$O$4;$O$6);0),
    "25.1": =IFERROR(Ogr_TYPE($O$5;$O$4;$O$6);0)
  }
}