{
  "C5+": 84,
  "Pнк": 22.34,
  "Pпл": 25.47,
  "КИК": 0.641,
  "points": [
    {
      "P": 3.68,
      "KGF_fact": 39.6
    },
    {
      "P": 4.9,
      "KGF_fact": 36.0
    },
    {
      "P": 6.13,
      "KGF_fact": 33.6
    },
    {
      "P": 7.35,
      "KGF_fact": 32.0
    },
    {
      "P": 8.58,
      "KGF_fact": 34.1
    },
    {
      "P": 9.8,
      "KGF_fact": 36.0
    },
    {
      "P": 11.03,
      "KGF_fact": 38.0
    },
    {
      "P": 12.25,
      "KGF_fact": 40.0
    },
    {
      "P": 13.48,
      "KGF_fact": 44.4
    },
    {
      "P": 14.7,
      "KGF_fact": 48.6
    },
    {
      "P": 15.93,
      "KGF_fact": 52.6
    },
    {
      "P": 17.15,
      "KGF_fact": 56.4
    },
    {
      "P": 18.38,
      "KGF_fact": 60.3
    },
    {
      "P": 19.6,
      "KGF_fact": 64.2
    },
    {
      "P": 20.83,
      "KGF_fact": 68.1
    },
    {
      "P": 22.05,
      "KGF_fact": 72.0
    },
    {
      "P": 23.28,
      "KGF_fact": 75.9
    },
    {
      "P": 24.5,
      "KGF_fact": 79.8
    }
  ]
}